{"ts": 1772258725.9782941, "price_cache": {"U|NASDAQ:AAPL": {"value": 264.18, "exp": 1772258783.7039227, "stale_exp": 1772259983.7039227}, "U|NASDAQ:ADBE": {"value": 262.41, "exp": 1772258783.9726703, "stale_exp": 1772259983.9726703}, "U|HKEX:9988": {"value": 142.9, "exp": 1772258784.2396538, "stale_exp": 1772259984.2396538}, "U|TSE:6857": {"value": 26850.0, "exp": 1772258784.977514, "stale_exp": 1772259984.977514}, "U|NYSE:ABBV": {"value": 232.08, "exp": 1772258785.2489462, "stale_exp": 1772259985.2489462}}, "warm_keys": {"U|NASDAQ:AAPL": 1772184778.89697, "U|HKEX:9988": 1771993674.3422399, "U|NYSE:ABBV": 1771993281.3641152, "U|TSE:6857": 1771993647.874996, "U|NASDAQ:ADBE": 1771993998.3496659}}