{"ts": 1772196424.7448306, "price_cache": {"U|NASDAQ:AAPL": {"value": 272.95, "exp": 1772196482.6363537, "stale_exp": 1772197682.6363537}, "U|NASDAQ:ADBE": {"value": 259.04, "exp": 1772196482.9151106, "stale_exp": 1772197682.9151106}, "U|HKEX:9988": {"value": 142.9, "exp": 1772196483.206887, "stale_exp": 1772197683.206887}, "U|TSE:6857": {"value": 26850.0, "exp": 1772196483.4750788, "stale_exp": 1772197683.4750788}, "U|NYSE:ABBV": {"value": 224.69, "exp": 1772196483.744522, "stale_exp": 1772197683.744522}}, "warm_keys": {"U|NASDAQ:AAPL": 1772184778.89697, "F|FX_IDC:USDTHB": 1772184778.8969746, "U|HKEX:9988": 1771993674.3422399, "F|FX_IDC:HKDTHB": 1771993674.342246, "U|NYSE:ABBV": 1771993281.3641152, "U|TSE:6857": 1771993647.874996, "F|FX_IDC:JPYTHB": 1771993648.1660619, "U|NASDAQ:ADBE": 1771993998.3496659}}