{"ts": 1772129241.8570595, "price_cache": {"U|NASDAQ:AAPL": {"value": 271.14, "exp": 1772129299.749335, "stale_exp": 1772130499.749335}, "U|NASDAQ:ADBE": {"value": 258.095, "exp": 1772129300.0054898, "stale_exp": 1772130500.0054898}, "U|HKEX:9988": {"value": 143.0, "exp": 1772129300.271931, "stale_exp": 1772130500.271931}, "U|TSE:6857": {"value": 28125.0, "exp": 1772129300.5720162, "stale_exp": 1772130500.5720162}, "U|NYSE:ABBV": {"value": 223.85, "exp": 1772129300.851201, "stale_exp": 1772130500.851201}, "F|FX_IDC:USDTHB": {"value": 31.193, "exp": 1772129528.5117154, "stale_exp": 1772130728.5117154}, "F|FX_IDC:HKDTHB": {"value": 3.9874, "exp": 1772129530.118388, "stale_exp": 1772130730.118388}, "F|FX_IDC:JPYTHB": {"value": 0.1975, "exp": 1772129531.2438514, "stale_exp": 1772130731.2438514}}, "warm_keys": {"U|NASDAQ:AAPL": 1772094703.8225527, "F|FX_IDC:USDTHB": 1772094703.822564, "U|HKEX:9988": 1771993674.3422399, "F|FX_IDC:HKDTHB": 1771993674.342246, "U|NYSE:ABBV": 1771993281.3641152, "U|TSE:6857": 1771993647.874996, "F|FX_IDC:JPYTHB": 1771993648.1660619, "U|NASDAQ:ADBE": 1771993998.3496659}}