{"ts": 1770001138.386869, "price_cache": {"U|NASDAQ:AAPL": {"value": 259.48, "exp": 1770001197.3815362, "stale_exp": 1770002397.3815362}, "F|FX_IDC:USDTHB": {"value": 31.56, "exp": 1770001737.6330597, "stale_exp": 1770002937.6330597}}, "warm_keys": {"U|NASDAQ:AAPL": 1770001138.0268147, "F|FX_IDC:USDTHB": 1770001138.0268147}}