{"ts": 1769729553.3577673, "price_cache": {"U|NASDAQ:AAPL": {"value": 258.28, "exp": 1769729612.3537877, "stale_exp": 1769730812.3537877}, "F|FX_IDC:USDTHB": {"value": 31.22, "exp": 1769730152.6303062, "stale_exp": 1769731352.6303062}}, "warm_keys": {"U|NASDAQ:AAPL": 1769729553.2985606, "F|FX_IDC:USDTHB": 1769729553.2985642}}