{"ts": 1770198837.2854633, "price_cache": {"U|NASDAQ:AAPL": {"value": 269.48, "exp": 1770198896.2906735, "stale_exp": 1770200096.2906735}, "F|FX_IDC:USDTHB": {"value": 31.64, "exp": 1770199013.6580162, "stale_exp": 1770200213.6580162}}, "warm_keys": {"U|NASDAQ:AAPL": 1770109170.1704674, "F|FX_IDC:USDTHB": 1770109170.1704674}}