{"ts": 1770104938.922773, "price_cache": {"F|FX_IDC:USDTHB": {"value": 31.32, "exp": 1770104994.7436516, "stale_exp": 1770106194.7436516}, "U|NASDAQ:AAPL": {"value": 270.01, "exp": 1770104997.9191804, "stale_exp": 1770106197.9191804}}, "warm_keys": {"U|NASDAQ:AAPL": 1770104193.6273808, "F|FX_IDC:USDTHB": 1770104193.6273808}}