{"ts": 1770363406.5494344, "price_cache": {"U|NASDAQ:AAPL": {"value": 275.91, "exp": 1770363465.5421772, "stale_exp": 1770364665.5421772}, "F|FX_IDC:USDTHB": {"value": 31.675, "exp": 1770364005.8146415, "stale_exp": 1770365205.8146415}}, "warm_keys": {"U|NASDAQ:AAPL": 1770363405.8201625, "F|FX_IDC:USDTHB": 1770363405.8201666}}