{"ts": 1770009941.7333727, "price_cache": {"U|NASDAQ:AAPL": {"value": 259.48, "exp": 1770010000.7251525, "stale_exp": 1770011200.7251525}, "F|FX_IDC:USDTHB": {"value": 31.69, "exp": 1770010540.9976513, "stale_exp": 1770011740.9976513}}, "warm_keys": {"U|NASDAQ:AAPL": 1770009941.3159056, "F|FX_IDC:USDTHB": 1770009941.3159056}}