{"ts": 1771995402.644971, "price_cache": {"U|NASDAQ:AAPL": {"value": 272.14, "exp": 1771995460.4329555, "stale_exp": 1771996660.4329555}, "F|FX_IDC:USDTHB": {"value": 31.0, "exp": 1771995813.3947895, "stale_exp": 1771997013.3947895}, "U|HKEX:9988": {"value": 149.3, "exp": 1771995461.387378, "stale_exp": 1771996661.387378}, "F|FX_IDC:HKDTHB": {"value": 3.9647, "exp": 1771995814.2247887, "stale_exp": 1771997014.2247887}, "U|NYSE:ABBV": {"value": 228.44, "exp": 1771995461.8771842, "stale_exp": 1771996661.8771842}, "U|TSE:6857": {"value": 28410.0, "exp": 1771995461.6332805, "stale_exp": 1771996661.6332805}, "F|FX_IDC:JPYTHB": {"value": 0.1971, "exp": 1771995814.7685535, "stale_exp": 1771997014.7685535}, "U|NASDAQ:ADBE": {"value": 255.17, "exp": 1771995460.6965702, "stale_exp": 1771996660.6965702}}, "warm_keys": {"U|NASDAQ:AAPL": 1771995221.8497577, "F|FX_IDC:USDTHB": 1771995221.8497648, "U|HKEX:9988": 1771993674.3422399, "F|FX_IDC:HKDTHB": 1771993674.342246, "U|NYSE:ABBV": 1771993281.3641152, "U|TSE:6857": 1771993647.874996, "F|FX_IDC:JPYTHB": 1771993648.1660619, "U|NASDAQ:ADBE": 1771993998.3496659}}