{"ts": 1772648221.382993, "price_cache": {"U|NASDAQ:AAPL": {"value": 264.61, "exp": 1772648279.04296, "stale_exp": 1772649479.04296}, "U|NASDAQ:ADBE": {"value": 275.97, "exp": 1772648279.307231, "stale_exp": 1772649479.307231}, "U|HKEX:9988": {"value": 129.9, "exp": 1772648279.5768187, "stale_exp": 1772649479.5768187}, "U|TSE:6857": {"value": 24500.0, "exp": 1772648280.3695498, "stale_exp": 1772649480.3695498}, "U|NYSE:ABBV": {"value": 234.94, "exp": 1772648280.642292, "stale_exp": 1772649480.642292}}, "warm_keys": {"U|NASDAQ:AAPL": 1772184778.89697, "U|HKEX:9988": 1771993674.3422399, "U|NYSE:ABBV": 1771993281.3641152, "U|TSE:6857": 1771993647.874996, "U|NASDAQ:ADBE": 1771993998.3496659}}