{"ts": 1773266707.7743258, "price_cache": {"U|NASDAQ:ADBE": {"value": 273.705, "exp": 1773266765.7786434, "stale_exp": 1773267965.7786434}, "U|HKEX:9988": {"value": 133.2, "exp": 1773266766.515564, "stale_exp": 1773267966.515564}, "U|TSE:6857": {"value": 24885.0, "exp": 1773266766.7690387, "stale_exp": 1773267966.7690387}, "U|NYSE:ABBV": {"value": 227.68, "exp": 1773266767.022884, "stale_exp": 1773267967.022884}, "F|FX_IDC:USDTHB": {"value": 31.807, "exp": 1773267056.7959461, "stale_exp": 1773268256.7959461}, "U|NASDAQ:AAPL": {"value": 260.81, "exp": 1773266765.5113184, "stale_exp": 1773267965.5113184}}, "warm_keys": {"U|NASDAQ:AAPL": 1773266620.6824505, "U|HKEX:9988": 1771993674.3422399, "U|NYSE:ABBV": 1771993281.3641152, "U|TSE:6857": 1771993647.874996, "U|NASDAQ:ADBE": 1771993998.3496659, "F|FX_IDC:USDTHB": 1773266620.6824567}}