{"ts": 1770109170.8877532, "price_cache": {"U|NASDAQ:AAPL": {"value": 270.01, "exp": 1770109229.871806, "stale_exp": 1770110429.871806}, "F|FX_IDC:USDTHB": {"value": 31.46, "exp": 1770109770.1611884, "stale_exp": 1770110970.1611884}}, "warm_keys": {"U|NASDAQ:AAPL": 1770109170.1704674, "F|FX_IDC:USDTHB": 1770109170.1704674}}